cohort,model_a,model_b,d_auroc,d_auroc_lo,d_auroc_hi,d_auroc_verdict,d_bal_acc,d_bal_acc_lo,d_bal_acc_hi,d_bal_acc_verdict,protocol,source_path,source_line
internal_tcga,WSI only,probability mean,-0.038622575012510325,-0.05444671950158805,-0.023409939702799542,sig,-0.07404695445341074,-0.12146481308334871,-0.02736041954339137,sig,"10 CLAM folds pooled OOF, 599 TCGA cases; CNV refit per CLAM fold; paired bootstrap N=2000 seed 13",/workspace/dp-code/.scratch/wsi_cnv_report/internal_ladder_pooled.csv;/workspace/dp-code/.scratch/analysis/compare_fusion_ladder/2026-09-01_19-01-21/output.txt,2;16
internal_tcga,CNV only,probability mean,-0.05407534144444953,-0.07319209792310473,-0.037069076708374116,sig,-0.07328153109745429,-0.1163790362210955,-0.0329606036382371,sig,"10 CLAM folds pooled OOF, 599 TCGA cases; CNV refit per CLAM fold; paired bootstrap N=2000 seed 13",/workspace/dp-code/.scratch/wsi_cnv_report/internal_ladder_pooled.csv;/workspace/dp-code/.scratch/analysis/compare_fusion_ladder/2026-09-01_19-01-21/output.txt,3;17
internal_tcga,concat,probability mean,-0.04304817483884377,-0.06302649533529546,-0.02555683560252524,sig,-0.07744469344586404,-0.12649247345486322,-0.026560405305990954,sig,"10 CLAM folds pooled OOF, 599 TCGA cases; CNV refit per CLAM fold; paired bootstrap N=2000 seed 13",/workspace/dp-code/.scratch/wsi_cnv_report/internal_ladder_pooled.csv;/workspace/dp-code/.scratch/analysis/compare_fusion_ladder/2026-09-01_19-01-21/output.txt,5;18
internal_tcga,gated,probability mean,-0.03111394342287196,-0.04770771259498095,-0.016121072881522324,sig,-0.06740390611501344,-0.11973421699735053,-0.016170977716616748,sig,"10 CLAM folds pooled OOF, 599 TCGA cases; CNV refit per CLAM fold; paired bootstrap N=2000 seed 13",/workspace/dp-code/.scratch/wsi_cnv_report/internal_ladder_pooled.csv;/workspace/dp-code/.scratch/analysis/compare_fusion_ladder/2026-09-01_19-01-21/output.txt,6;19
internal_tcga,cross_attention,probability mean,-0.0341545586601996,-0.05409307454947248,-0.015574214975917086,sig,-0.06645313379724613,-0.11730115583907715,-0.01548309056566436,sig,"10 CLAM folds pooled OOF, 599 TCGA cases; CNV refit per CLAM fold; paired bootstrap N=2000 seed 13",/workspace/dp-code/.scratch/wsi_cnv_report/internal_ladder_pooled.csv;/workspace/dp-code/.scratch/analysis/compare_fusion_ladder/2026-09-01_19-01-21/output.txt,7;20
internal_tcga,film_attention,probability mean,-0.04379780652508913,-0.06182649093959469,-0.027087972318448793,sig,-0.08582879995405462,-0.13215234576555676,-0.03846992011266033,sig,"10 CLAM folds pooled OOF, 599 TCGA cases; CNV refit per CLAM fold; paired bootstrap N=2000 seed 13",/workspace/dp-code/.scratch/wsi_cnv_report/internal_ladder_pooled.csv;/workspace/dp-code/.scratch/analysis/compare_fusion_ladder/2026-09-01_19-01-21/output.txt,8;21
internal_tcga,coattn,probability mean,-0.026711102540274773,-0.04317623033478397,-0.010608889897557176,sig,-0.06699371746621562,-0.11776862944952335,-0.017101050114914494,sig,"10 CLAM folds pooled OOF, 599 TCGA cases; CNV refit per CLAM fold; paired bootstrap N=2000 seed 13",/workspace/dp-code/.scratch/wsi_cnv_report/internal_ladder_pooled.csv;/workspace/dp-code/.scratch/analysis/compare_fusion_ladder/2026-09-01_19-01-21/output.txt,9;22
external_cptac,WSI only (raw),"WSI only (prior-balanced, post hoc)",-0.018247981712163717,-0.03541423396436859,-0.0015877633928096328,sig,-0.04049387323735806,-0.11434984093162563,0.029861587479365397,ns,"TCGA-trained, applied to CPTAC untouched, 114 cases (378 slides); paired bootstrap N=4000 seed 7",/workspace/dp-code/.scratch/wsi_cnv_report/external_contrasts.csv;/workspace/dp-code/.scratch/analysis/cnv_wsi_fusion/2026-09-01_18-58-28/output.txt,2;20-34 (signs negated to a - b)
external_cptac,WSI only (raw),CNV only (39 arms),-0.04166046465770925,-0.10264837868307841,0.019021781906908453,ns,-0.20224393973574042,-0.31476039103089964,-0.0890086631939198,sig,"TCGA-trained, applied to CPTAC untouched, 114 cases (378 slides); paired bootstrap N=4000 seed 7",/workspace/dp-code/.scratch/wsi_cnv_report/external_contrasts.csv;/workspace/dp-code/.scratch/analysis/cnv_wsi_fusion/2026-09-01_18-58-28/output.txt,3;20-34 (signs negated to a - b)
external_cptac,WSI only (raw),Fusion: equal-weight mean,-0.06278159976265416,-0.10358623825715835,-0.023603635778022488,sig,-0.13298582032710926,-0.23953133085112163,-0.03141997708174181,sig,"TCGA-trained, applied to CPTAC untouched, 114 cases (378 slides); paired bootstrap N=4000 seed 7",/workspace/dp-code/.scratch/wsi_cnv_report/external_contrasts.csv;/workspace/dp-code/.scratch/analysis/cnv_wsi_fusion/2026-09-01_18-58-28/output.txt,4;20-34 (signs negated to a - b)
external_cptac,WSI only (raw),Fusion: prior-balanced WSI + CNV (post hoc),-0.06568167672868419,-0.10711534517711033,-0.02595569077149613,sig,-0.22607978968645473,-0.3236944280743234,-0.12684393112497916,sig,"TCGA-trained, applied to CPTAC untouched, 114 cases (378 slides); paired bootstrap N=4000 seed 7",/workspace/dp-code/.scratch/wsi_cnv_report/external_contrasts.csv;/workspace/dp-code/.scratch/analysis/cnv_wsi_fusion/2026-09-01_18-58-28/output.txt,5;20-34 (signs negated to a - b)
external_cptac,"WSI only (prior-balanced, post hoc)",CNV only (39 arms),-0.023412482945545533,-0.07952527271114491,0.03186511640861769,ns,-0.16175006649838236,-0.2646199473233861,-0.054014472653027515,sig,"TCGA-trained, applied to CPTAC untouched, 114 cases (378 slides); paired bootstrap N=4000 seed 7",/workspace/dp-code/.scratch/wsi_cnv_report/external_contrasts.csv;/workspace/dp-code/.scratch/analysis/cnv_wsi_fusion/2026-09-01_18-58-28/output.txt,6;20-34 (signs negated to a - b)
external_cptac,"WSI only (prior-balanced, post hoc)",Fusion: equal-weight mean,-0.044533618050490435,-0.08311756299400044,-0.007676308361152829,sig,-0.0924919470897512,-0.20128526645768033,0.013694011617935828,ns,"TCGA-trained, applied to CPTAC untouched, 114 cases (378 slides); paired bootstrap N=4000 seed 7",/workspace/dp-code/.scratch/wsi_cnv_report/external_contrasts.csv;/workspace/dp-code/.scratch/analysis/cnv_wsi_fusion/2026-09-01_18-58-28/output.txt,7;20-34 (signs negated to a - b)
external_cptac,"WSI only (prior-balanced, post hoc)",Fusion: prior-balanced WSI + CNV (post hoc),-0.047433695016520484,-0.08422561026482828,-0.01169122745168387,sig,-0.1855859164490967,-0.27539007602924076,-0.08850574225613009,sig,"TCGA-trained, applied to CPTAC untouched, 114 cases (378 slides); paired bootstrap N=4000 seed 7",/workspace/dp-code/.scratch/wsi_cnv_report/external_contrasts.csv;/workspace/dp-code/.scratch/analysis/cnv_wsi_fusion/2026-09-01_18-58-28/output.txt,8;20-34 (signs negated to a - b)
external_cptac,CNV only (39 arms),Fusion: equal-weight mean,-0.0211211351049449,-0.04748034173773957,0.0033814384542571515,ns,0.06925811940863118,-0.02206166841736688,0.16508245285787654,ns,"TCGA-trained, applied to CPTAC untouched, 114 cases (378 slides); paired bootstrap N=4000 seed 7",/workspace/dp-code/.scratch/wsi_cnv_report/external_contrasts.csv;/workspace/dp-code/.scratch/analysis/cnv_wsi_fusion/2026-09-01_18-58-28/output.txt,9;20-34 (signs negated to a - b)
external_cptac,CNV only (39 arms),Fusion: prior-balanced WSI + CNV (post hoc),-0.024021212070974948,-0.04988904931762728,-0.0004700339889538276,sig,-0.023835849950714305,-0.09923452364109192,0.054657101778003474,ns,"TCGA-trained, applied to CPTAC untouched, 114 cases (378 slides); paired bootstrap N=4000 seed 7",/workspace/dp-code/.scratch/wsi_cnv_report/external_contrasts.csv;/workspace/dp-code/.scratch/analysis/cnv_wsi_fusion/2026-09-01_18-58-28/output.txt,10;20-34 (signs negated to a - b)
external_cptac,Fusion: equal-weight mean,Fusion: prior-balanced WSI + CNV (post hoc),-0.0029000769660300465,-0.010761119802091866,0.004612180540985752,ns,-0.0930939693593455,-0.17740566724941728,-0.013924880029531178,sig,"TCGA-trained, applied to CPTAC untouched, 114 cases (378 slides); paired bootstrap N=4000 seed 7",/workspace/dp-code/.scratch/wsi_cnv_report/external_contrasts.csv;/workspace/dp-code/.scratch/analysis/cnv_wsi_fusion/2026-09-01_18-58-28/output.txt,11;20-34 (signs negated to a - b)
